2024/08/02 14:00:00	2024/08/02 15:00:00
2024/08/02 19:00:00	2024/08/02 20:00:00
2024/08/02 21:00:00	2024/08/03 00:00:00
2024/08/03 00:00:00	2024/08/03 09:00:00
2024/08/03 21:00:00	2024/08/04 00:00:00
2024/08/04 00:00:00	2024/08/04 09:30:00
2024/08/04 18:00:00	2024/08/04 18:30:00
2024/08/04 18:30:00	2024/08/04 21:30:00
2024/08/04 21:30:00	2024/08/05 00:00:00
2024/08/05 00:00:00	2024/08/05 09:00:00
2024/08/05 21:00:00	2024/08/06 00:00:00
2024/08/06 00:00:00	2024/08/06 09:00:00
2024/08/06 21:00:00	2024/08/07 00:00:00
2024/08/07 00:00:00	2024/08/07 10:00:00
2024/08/07 10:00:00	2024/08/07 11:00:00
2024/08/07 11:00:00	2024/08/07 12:00:00
2024/08/07 12:00:00	2024/08/07 13:00:00
2024/08/07 21:00:00	2024/08/08 00:00:00
2024/08/08 00:00:00	2024/08/08 09:00:00
2024/08/08 12:00:00	2024/08/08 13:30:00
2024/08/08 16:00:00	2024/08/08 17:00:00
2024/08/08 21:00:00	2024/08/09 00:00:00
2024/08/09 00:00:00	2024/08/09 09:00:00
2024/08/09 19:00:00	2024/08/09 20:00:00
2024/08/09 21:00:00	2024/08/10 00:00:00
2024/08/10 00:00:00	2024/08/10 09:00:00
2024/08/10 14:00:00	2024/08/10 17:00:00
2024/08/10 21:00:00	2024/08/11 00:00:00
2024/08/11 00:00:00	2024/08/11 09:30:00
2024/08/11 18:00:00	2024/08/11 18:30:00
2024/08/11 18:30:00	2024/08/11 21:30:00
2024/08/11 21:30:00	2024/08/12 00:00:00
Written	2024/08/02 13:25:22
