2024/08/12 21:00:00	2024/08/13 00:00:00
2024/08/13 00:00:00	2024/08/13 09:00:00
2024/08/13 12:00:00	2024/08/13 13:30:00
2024/08/13 21:00:00	2024/08/14 00:00:00
2024/08/14 00:00:00	2024/08/14 10:00:00
2024/08/14 10:00:00	2024/08/14 11:00:00
2024/08/14 11:00:00	2024/08/14 12:00:00
2024/08/14 12:00:00	2024/08/14 13:00:00
2024/08/14 21:00:00	2024/08/15 00:00:00
2024/08/15 00:00:00	2024/08/15 09:00:00
2024/08/15 13:00:00	2024/08/15 14:00:00
2024/08/15 16:00:00	2024/08/15 17:00:00
2024/08/15 21:00:00	2024/08/16 00:00:00
2024/08/16 00:00:00	2024/08/16 09:00:00
2024/08/16 19:00:00	2024/08/16 20:00:00
2024/08/16 21:00:00	2024/08/17 00:00:00
2024/08/17 00:00:00	2024/08/17 09:00:00
2024/08/17 21:00:00	2024/08/18 00:00:00
2024/08/18 00:00:00	2024/08/18 09:30:00
2024/08/18 18:00:00	2024/08/18 18:30:00
2024/08/18 18:30:00	2024/08/18 21:30:00
2024/08/18 21:30:00	2024/08/19 00:00:00
2024/08/19 00:00:00	2024/08/19 09:00:00
2024/08/19 21:00:00	2024/08/20 00:00:00
2024/08/20 00:00:00	2024/08/20 09:00:00
2024/08/20 21:00:00	2024/08/21 00:00:00
2024/08/21 00:00:00	2024/08/21 10:00:00
2024/08/21 10:00:00	2024/08/21 11:00:00
2024/08/21 12:00:00	2024/08/21 13:00:00
2024/08/21 21:00:00	2024/08/22 00:00:00
Written	2024/08/12 14:15:20
